tb_score,pos_bow_txt,page_size_ratio,pages,scanner,orientation,title,author,filename,folder_name,folder_description,description,neg_bow_txt,resolution,class,document_id
0.0,0.0,800.888671875,6.0,1.0,0.0,0.278868060223,0.9,0.682727272727,0.858333333333,0.284742872283,0.250552335517,0.0,806.4,1.0,c03e30bb9a19d5a24fcd1cc88f245171
0.0,0.0,2713.17089844,3.0,0.0,1.0,0.98,0.8,0.951964285714,0.679359799347,0.249212352267,0.250552335517,0.0,515.76,1.0,f1cace3f522a7d7072d46b443336b7f0
0.0,0.0,10058.9658203,11.0,0.0,1.0,0.779666666667,0.1,0.706587301587,0.895,0.284742872283,0.714523788868,0.0,590.0,1.0,3d705ef7bee2de856e545e352a5325ec
